{"Emails": ["yourfriends@dailyhunt.in"]}
{"Ports": ["port 2024"]}
{"Emails": ["mintkeyboard.customer@gmail.com"]}
{"Archived_Fingerprints": ["efceff7a9ea35330c3ef27c1bd58c008a7efb36e"]}
{"Archived_Passwords": ["test", "testing", "looksbygitanjali"]}
{"Archived_MySQL4_5": ["efceff7a9ea35330c3ef27c1bd58c008a7efb36e"]}
{"Archived_NTLM": ["fa3262da73812157e948baab5491bf9b", "4a4566696cc81c6053ec708975767498"]}
{"Archived_SHA1": ["efceff7a9ea35330c3ef27c1bd58c008a7efb36e"]}
{"Archived_MD4": ["fa3262da73812157e948baab5491bf9b", "4a4566696cc81c6053ec708975767498"]}
{"Archived_md5": ["fa3262da73812157e948baab5491bf9b", "4a4566696cc81c6053ec708975767498"]}
{"Archived_SAP_CODVN_B_BCODE_from_RFC_READ_TABLE": ["fa3262da73812157e948baab", "efceff7a9ea35330c3ef27c1", "4a4566696cc81c6053ec7089"]}
{"Archived_SAP_CODVN_F_G_PASSCODE_from_RFC_READ_TABLE": ["fa3262da73812157e948baab", "efceff7a9ea35330c3ef27c1", "4a4566696cc81c6053ec7089"]}
{"Archived_Citrix_NetScaler_SHA1": ["efceff7a9ea35330c3ef27c1bd58c008a7efb36e"]}
