[
    {
        "domain": ".quora.com",
        "expiry": 1754458083,
        "httpOnly": false,
        "name": "m-uid",
        "path": "/",
        "sameSite": "Lax",
        "secure": false,
        "value": "2694680111"
    },
    {
        "domain": ".quora.com",
        "expiry": 1754458085,
        "httpOnly": false,
        "name": "m-login",
        "path": "/",
        "sameSite": "Lax",
        "secure": false,
        "value": "1"
    },
    {
        "domain": ".quora.com",
        "expiry": 1751434075,
        "httpOnly": false,
        "name": "m-theme",
        "path": "/",
        "sameSite": "Lax",
        "secure": false,
        "value": "dark"
    },
    {
        "domain": ".quora.com",
        "expiry": 1754458085,
        "httpOnly": true,
        "name": "m-s",
        "path": "/",
        "sameSite": "Lax",
        "secure": true,
        "value": "FPIuZFBjV1bTwLFsedGORQ=="
    },
    {
        "domain": ".quora.com",
        "expiry": 1754458082,
        "httpOnly": true,
        "name": "m-lat",
        "path": "/",
        "sameSite": "None",
        "secure": true,
        "value": "f/qgberb3axEj9e1GFmGDoEABJkw2+ZKspaQS60Kgw=="
    },
    {
        "domain": ".quora.com",
        "expiry": 1754458085,
        "httpOnly": true,
        "name": "m-b_strict",
        "path": "/",
        "sameSite": "Strict",
        "secure": true,
        "value": "MyhkeBsVcF3xU66Uhaicow=="
    },
    {
        "domain": ".quora.com",
        "expiry": 1751434075,
        "httpOnly": false,
        "name": "m-themeStrategy",
        "path": "/",
        "sameSite": "Lax",
        "secure": false,
        "value": "auto"
    },
    {
        "domain": ".quora.com",
        "expiry": 1751434075,
        "httpOnly": false,
        "name": "m-dynamicFontSize",
        "path": "/",
        "sameSite": "Lax",
        "secure": false,
        "value": "regular"
    },
    {
        "domain": ".quora.com",
        "expiry": 1754458085,
        "httpOnly": true,
        "name": "m-b_lax",
        "path": "/",
        "sameSite": "Lax",
        "secure": true,
        "value": "MyhkeBsVcF3xU66Uhaicow=="
    },
    {
        "domain": ".quora.com",
        "expiry": 1754458085,
        "httpOnly": true,
        "name": "m-b",
        "path": "/",
        "sameSite": "None",
        "secure": true,
        "value": "MyhkeBsVcF3xU66Uhaicow=="
    }
]