{"IPs": ["Head", "Stories", "head", "AI", "App", "Keyboard", "products", "product", "PRODUCT", "PRODUCT", "is", "takes", "products", "products", "login", "has", "enters", "that", "shall", "AI", "AI", "Android", "Android", "Image", "Image", "Image", "Android", "Android", "Android", "App", "Keyboard", "Android", "website", "uses", "products", "mobile", "Android", "website", "Android", "Android", "Head", "as", "customer", "customer", "customer", "services", "has", "Head", "Stories", "head", "AI", "Head", "AI", "head", "Avatars", "head", "voice", "Test", "AI", "head", "Avatars", "head", "voice", "Test", "Users", "Indic", "indic", "HEADS", "Indic", "indic", "HEADS", "Indic", "indic", "Users", "AI", "Indic", "AI", "AI", "AI", "AI", "AI", "Keyboard", "AI", "AI", "AI", "Indic", "AI", "AI", "AI", "AI", "AI", "Keyboard", "AI", "AI", "AI", "Indic", "AI", "AI", "head", "AI"]}
{Emails: [mintkeyboard.customer@gmail.com]}
{Emails: [mintkeyboard.customer@gmail.com]}
{Emails: [mintkeyboard.customer@gmail.com]}
{"Emails": ["mintkeyboard.customer@gmail.com"]}
{"Emails": ["mintkeyboard.customer@gmail.com"]}
{"Emails": ["mintkeyboard.customer@gmail.com"]}
{"Emails": ["mintkeyboard.customer@gmail.com"]}
{"Emails": ["mintkeyboard.customer@gmail.com"]}
{"Emails": ["mintkeyboard.customer@gmail.com"]}
{"Emails": ["mintkeyboard.customer@gmail.com"]}
{"Emails": ["mintkeyboard.customer@gmail.com"]}
{"Emails": ["mintkeyboard.customer@gmail.com"]}
{"Emails": ["mintkeyboard.customer@gmail.com"]}
{"Emails": ["mintkeyboard.customer@gmail.com"]}
{"Emails": ["mintkeyboard.customer@gmail.com"]}
{"Emails": ["mintkeyboard.customer@gmail.com"]}
{"Emails": ["mintkeyboard.customer@gmail.com"]}
{"Emails": ["mintkeyboard.customer@gmail.com"]}
{"Archived_Emails": ["mintkeyboard.customer@gmail.com"]}
{"Archived_Emails": ["mintkeyboard.customer@gmail.com"]}
{"Archived_Emails": ["mintkeyboard.customer@gmail.com"]}
{"Archived_Port": ["443"]}
{"Archived_Ports": ["443"]}
{"Archived_Hashes_SAP_CODVN_F_G_PASSCODE_from_RFC_READ_TABLE": ["fa3262da73812157e948baab","efceff7a9ea35330c3ef27c1",]}
{"Archived_Hashes_SAP_CODVN_F_G_PASSCODE_from_RFC_READ_TABLE": ["fa3262da73812157e948baab","efceff7a9ea35330c3ef27c1",]}
{"Archived_Hashes_SAP_CODVN_F_G_PASSCODE_from_RFC_READ_TABLE": ["fa3262da73812157e948baab","efceff7a9ea35330c3ef27c1",]}
{"Archived_Hashes_SAP_CODVN_F_G_PASSCODE_from_RFC_READ_TABLE": ["fa3262da73812157e948baab","efceff7a9ea35330c3ef27c1",]}
